rank,work_package,phase,priority,state,assurance
"1","Trivy CVE triage","P0","P0","PROPOSED","Evidence and sponsor gates required"
"2","CodeQL SARIF parser fix","P0","P0","PROPOSED","Evidence and sponsor gates required"
"3","HEAD exact build gates","P0","P0","PROPOSED","Evidence and sponsor gates required"
"4","branch divergence review","P0","P0","PROPOSED","Evidence and sponsor gates required"
"5","submitted application reconciliation","P0","P0","PROPOSED","Evidence and sponsor gates required"
"6","approved CTE/requirements","P0","P0","PROPOSED","Evidence and sponsor gates required"
"7","TLS/mTLS lab transport","P1/P2","P0","PROPOSED","Evidence and sponsor gates required"
"8","isolated multi-host testbed","P1/P2","P0","PROPOSED","Evidence and sponsor gates required"
"9","tc/netem profiles","P1/P2","P0","PROPOSED","Evidence and sponsor gates required"
"10","crypto provider v1 boundary","P1/P2","P0","PROPOSED","Evidence and sponsor gates required"
"11","SAG clarification RFI","P1/P2","P0","PROPOSED","Evidence and sponsor gates required"
"12","off-host signed checkpoint","P1/P2","P0","PROPOSED","Evidence and sponsor gates required"
"13","backup rollback defense","P1/P2","P0","PROPOSED","Evidence and sponsor gates required"
"14","offline/revocation WAN tests","P1/P2","P0","PROPOSED","Evidence and sponsor gates required"
"15","FIDO2/TPM proof","P1/P2","P0","PROPOSED","Evidence and sponsor gates required"
"16","synthetic legacy connector","P3","P0","PROPOSED","Evidence and sponsor gates required"
"17","redacted SOC collector","P3","P0","PROPOSED","Evidence and sponsor gates required"
"18","load/fanout profiling","P3","P0","PROPOSED","Evidence and sponsor gates required"
"19","signed offline release provenance","P3","P0","PROPOSED","Evidence and sponsor gates required"
"20","independent test witness","P3","P0","PROPOSED","Evidence and sponsor gates required"
