claim_id,private_source_locator,theme,status,frozen_code_evidence,finding,required_action,work_packages
A01,P001 p1 sec1; P002 p1 sec5.1,All mandatory requirements satisfied,UNSUPPORTED,docs/requirements/README.md,R9 external approval and real R8 integration remain open,Describe partial prototype with explicit gaps,WP05 WP06 WP11
A02,P001 pp1-2; P002 pp1-2,Graded encryption/compliance,UNSUPPORTED,packages/crypto/crypto.mjs,No SAG grading evidence for current suite; a protocol name or primitive choice cannot confer approval,Correct compliance wording; request exact evaluation pathway,WP05 WP11
A03,P001 pp1-2; P002 pp1-3,Proposed post-quantum protocol delivered,NOT_IN_CURRENT_BASELINE,packages/crypto/crypto.mjs,Current envelope uses AES-GCM/P-256/HKDF; proposed PQC suite is absent,Retain filed scope as open change decision; do not represent current demo as PQC,WP05 WP10 WP11
A04,"P001 p2 item1; P002 pp1,3",Six-component named architecture and implementation stack,MATERIAL_DESIGN_CHANGE,services/;apps/;package.json,Current implementation has three Node services and native browser modules; it is not a verification of the older named stack,Present current architecture and map deliverables; seek scope acceptance where needed,WP05 WP06
A05,P001 p1; P002 p2,MFA and authenticated session,PARTIALLY_DEMONSTRATED,services/control/primitives.mjs;services/control/;tests/,Password/TOTP and body-bound device proof tested; proposed WebSocket/JWT path is not current HTTP path,Describe actual mechanism; qualify TLS and recovery,WP07 WP14
A06,P001 pp1-2; P002 p2,Six duty roles and four message priorities,NOT_IN_CURRENT_BASELINE,database/migrations/001-initial.sql,Schema has admin/operator/viewer/auditor; proposed six-role priority matrix is absent,Obtain approved action matrix and test server-side release; avoid overbroad admin/auditor decryption,WP05 WP21
A07,P001 pp1-2; P002 p2,Tamper-proof causal/distributed audit,OVERSTATED,apps/verifier/verify.mjs;services/control/core.mjs,Signed hash-chain evidence exists; independent checkpoint custody and rollback containment not deployed; no distributed ledger consensus,Use tamper-evident under stated trusted-root assumptions; implement independent custody,WP12 WP13
A08,P001 p1; P002 p2,Real-time threat detection and DDoS resilience,PARTIALLY_DEMONSTRATED,services/control/;apps/admin-console/,"Counters/rate limits/alerts exist; behavioural fingerprinting, external SOC and volumetric DDoS protection not evidenced",Define measurable detection scope; qualify transport/hosting availability separately,WP07 WP17 WP18
A09,"P001 p2 item5; P002 pp1,3",Named React/Vite dashboard delivered,MATERIAL_DESIGN_CHANGE,apps/unit-client/;apps/admin-console/,Functional browser interface exists; named stack/theme and dual-layer status are not current implementation,Show actual UI and cryptographic state; do not display unsupported status,WP05
A10,P001 p1; P002 pp3-4,Entire cryptographic dependency chain indigenous/original,OVERSTATED,Dockerfile;package-lock.json;packages/crypto/crypto.mjs,Application code invokes upstream Node/browser cryptographic providers and relies on OS/OpenSSL/SQLite,State operator/source control and dependency provenance; retain licence notices and SBOM,WP05 WP19
A11,P002 p3,TLS WebSocket and public-internet deployment,NOT_IN_CURRENT_BASELINE,services/web/server.mjs;deployment/,Current runnable profile is local HTTP with documented external TLS requirement,Implement and test transport before untrusted-network deployment,WP07 WP08
A12,P001 p2 timeline; P002 p3,Air-gap deployment and operation,PARTIALLY_ADDRESSED,scripts/build.mjs;Dockerfile;docs/limitations.md,No npm runtime application dependencies; initial build/image availability still external; disconnected client is not independent air-gap exchange,Validate offline installation/update separately; exclude unauthorised cross-domain transfer,WP19
A13,P002 p3,Horizontal scaling and distributed audit replication,NOT_DEMONSTRATED,services/control/core.mjs;compose.yaml,Single authoritative SQLite writer; no HA or distributed audit replication,Measure limits; redesign transaction consistency before horizontal authority scale,WP18
A14,P001 p2 timeline; P002 p3,Any-format military/C2 and LDAP/PKI integration,NOT_IN_CURRENT_BASELINE,services/control/core.mjs,Only synthetic schema validation; no real military interface or identity federation tested,Implement independent mock; require approved interface/identity contract before actual integration,WP16 WP22
A15,P002 p3 sec5.4,Certification ready and fixed timing,EXTERNAL_DEPENDENCY,docs/requirements/open-questions.md,"No grading approval, evaluator agreement or accepted test scope",Treat dossier preparation as engineering work and approval as external milestone,WP11 WP20 WP22
A16,P002 p3 sec5.4,Clock tolerance removes time dependency,OVERSTATED,services/control/primitives.mjs;services/control/,TOTP and expiring proofs require bounded clock error; a tolerance window does not remove clock management,Define trusted time/skew/recovery policy and fail-closed tests,WP07 WP14
A17,P002 pp3-4,Standardisation eliminates algorithm risk and proves whole protocol,UNSUPPORTED,packages/crypto/crypto.mjs,"Primitive standards do not establish composite protocol security, implementation correctness or migration safety",Require provider/protocol review; do not claim formal security proof from primitive names,WP10 WP20
A18,P002 p4 sec5.5,Wire overhead and tactical performance,NOT_MEASURED_IN_CURRENT_PROTOCOL,docs/performance.md,Submitted estimates are not measured WAN results; serialization and bandwidth/workload affect total cost,Measure actual encoded envelope and latency under declared workload; retain estimates as unvalidated,WP18
A19,"P002 pp2-4 sec5.2,6",Universal novelty/exclusivity and patent standing,UNSUBSTANTIATED,docs/limitations.md,No professional novelty/FTO conclusion or patent filing receipt establishes the broad assertions,Remove universal novelty claims; separately scope claim-level prior-art/legal review,WP05
A20,P001 p2 item7,SDLC and perpetual source licence deliverables,PARTIALLY_DEMONSTRATED,docs/;LICENSE;scripts/release.mjs,Source/tests/runbooks/evidence exist; independent assessment and contract-specific licence/handover/support remain open,"Review third-party rights, delivery inventory and contractual licence/support terms",WP19 WP20 WP22
A21,P001 p1 field4; p2 timeline; P003 receipt,12-month development schedule,PROPOSED_COMMITMENT_CONFIRMED,15-implementation-roadmap.md,Annexure and receipt agree on duration; commencement date and contract baseline unverified,Preserve relative months; do not import 18-month Open Challenge 19 schedule,WP05 WP22
A22,P001 p2 timeline,Four-phase integration/trials/certification/rollout plan,PROPOSED_COMMITMENT_EXTERNAL_GATES,15-implementation-roadmap.md,"Filed plan includes external integrations, trial/certification and rollout; none is authorised by the annexure alone",Map engineering packages to phases; explicitly flag site/lab/access/approval dependencies,WP06 WP11 WP20 WP22
A23,P001 p1 applicant fields; P003 receipt,Applicant administrative category,OWNER_RECONCILIATION_REQUIRED,Not an application-code property,Uploaded company-labelled annexure and receipt category need programme-owner reconciliation,Confirm portal record and applicable undertaking privately; no invented legal interpretation,WP05
A24,P001/P002 entire documents,Funding and matching contribution,NOT_ESTABLISHED_BY_THESE_DOCUMENTS,13-bill-of-materials-and-budget.md,"These two annexures and receipt do not establish an approved budget, grant or matching-funds commitment",Use authoritative financial submission and quotations; do not import another programme budget,WP05 WP22
